CERT-2026-006,Arjun Verma,B.E. Computer Engineering,Global Tech University
CERT-2026-007,Neha Sharma,B.E. Information Technology,Global Tech University
CERT-2026-008,Rahul Desai,B.E. Mechanical Engineering,Global Tech University
CERT-2026-009,Anjali Iyer,B.E. Electronics Engineering,Global Tech University
CERT-2026-010,Karan Kapoor,B.E. Civil Engineering,Global Tech University
CERT-2026-011,Pooja Bhatia,B.E. Computer Engineering,Global Tech University
CERT-2026-012,Ravi Reddy,B.E. Information Technology,Global Tech University
CERT-2026-013,Meera Joshi,B.E. Mechanical Engineering,Global Tech University
CERT-2026-014,Sanjay Nair,B.E. Electronics Engineering,Global Tech University
CERT-2026-015,Divya Menon,B.E. Civil Engineering,Global Tech University
CERT-2026-016,Akash Patel,B.E. Computer Engineering,Global Tech University
CERT-2026-017,Kavita Rao,B.E. Information Technology,Global Tech University
CERT-2026-018,Nitin Kulkarni,B.E. Mechanical Engineering,Global Tech University
CERT-2026-019,Snehal Deshmukh,B.E. Electronics Engineering,Global Tech University
CERT-2026-020,Yash Agarwal,B.E. Civil Engineering,Global Tech University
